{
  "sample_n": 350,
  "attenuation_ratio": 0.1,
  "columns_used": {
    "C1QA": "ENSG00000173369.17_gene",
    "C1QC": "ENSG00000166736.11_gene",
    "ACP5": "ENSG00000103313.13_gene",
    "BOK": "ENSG00000130770.18_gene",
    "HIST1H4F": "ENSG00000158315.11_gene",
    "C1QB": "ENSG00000145649.8_gene",
    "CD8A": "ENSG00000153563.16_gene",
    "CD8B": "ENSG00000172116.23_gene",
    "SPP1": "ENSG00000118785.14_gene"
  },
  "risk_features_used": [
    "C1QA",
    "C1QB",
    "C1QC",
    "ACP5",
    "BOK",
    "HIST1H4F"
  ],
  "c1q_mean_before": 5.178892275736371,
  "c1q_mean_after": 2.6275549472584494,
  "c1q_delta_mean": -2.551337328477921,
  "cd8_proxy_definition": "CD8A/CD8B z-score average",
  "cd8_mean_before": 2.436146522606058e-16,
  "cd8_mean_after": 2.436146522606058e-16,
  "cd8_delta_mean": 0.0,
  "risk_mean_before": 1.7763568394002506e-16,
  "risk_mean_after": 1.4718385240744931e-16,
  "risk_delta_mean": -5.2814895314311017e-17,
  "moran_before": 0.6601663662169349,
  "moran_after": 0.40094040249382035,
  "moran_delta": -0.25922596372311457,
  "dose_response": {
    "cd8_trend_slope": 0.47794227455439436,
    "cd8_trend_p": 6.274778955155495e-30,
    "risk_trend_slope": 0.5859404984747165,
    "risk_trend_p": 4.353464392159273e-110,
    "quartile_hr_per_step": 1.0991644998828938,
    "quartile_hr_p": 0.21072671298822526,
    "q34_vs_q12_logrank_p": 0.10484943080839647
  },
  "mediation": {
    "total_beta": 0.12885814298025297,
    "direct_beta": 0.2740964403774993,
    "mediator_beta": -0.2893238355264194,
    "indirect_effect_proxy": -0.16855454932555416,
    "proportion_mediated": -1.1271177283650873,
    "proportion_mediated_ci_low": -9.46714611306631,
    "proportion_mediated_ci_high": 11.057834345057728,
    "total_p": 0.16251407739291385,
    "direct_p": 0.00787729249057939,
    "mediator_p": 0.0060500542313330925
  },
  "reverse_mr_snp_level": [
    {
      "gene": "KCNAB2",
      "n_snps": 267,
      "forward_beta": -0.08016535752042857,
      "forward_pval": 6.351804797968174e-15,
      "reverse_beta": -2.4577253644965693,
      "reverse_pval": 5.758609460416345e-52,
      "steiger_forward_supported": true
    }
  ]
}
