quartile,n,c1q_mean,cd8_mean,risk_mean,event_rate
Q1,88,3.9747713756962337,-0.737227243268654,-0.950864155345633,0.45454545454545453
Q2,87,4.874584972311637,-0.2270900137424764,-0.1680453181540204,0.2988505747126437
Q3,87,5.506603163441831,0.27685086146504934,0.26146176195872284,0.3793103448275862
Q4,88,6.359875541317154,0.6880318597247477,0.8585092620387121,0.4659090909090909
