radius,edge_n,local_corr,moran_c1q,moran_cd8
50,122150,-0.001631105834214221,-0.002865329512893983,-0.002865329512893983
100,122150,-0.001631105834214221,-0.002865329512893983,-0.002865329512893983
200,122150,-0.001631105834214221,-0.002865329512893983,-0.002865329512893983
