gene,beta,hr,p,-log10p
C1QC,0.2355590941702265,1.2656161695847779,0.002641697885643819,2.57811685140739
HIST1H4F,0.2623966116507228,1.3000420520183298,0.0034107866793172703,2.4671454418041066
SPP1,0.1894077998477873,1.2085336918621385,0.022769998677962366,1.6426369946002137
C1QB,-0.10283920361303663,0.9022720439025217,0.2486932141711673,0.6043360647028155
BOK,-0.0650480710645999,0.9370224186295201,0.4298041806501859,0.36672936449725985
ACP5,-0.010854561408368157,0.9892041367703513,0.890139190650125,0.05054207761937113
C1QA,0.009057214841219574,1.0090983555244246,0.9097278860633987,0.041088492573126946
